<?xml version="1.0"?>
<ngp.pjx-awadapter>
	<config type="object" class="awadapterpjconfig">
		<adaptuser>PATRICK</adaptuser>
		<adaptusertest>PATRICK</adaptusertest>
		<analyseuser>PATRICK</analyseuser>
		<analyseusertest>PATRICK</analyseusertest>
		<appcode>four</appcode>
		<classfolder>C:\Users\PATRICK\Documents\Visual FoxPro Projects\ngp\</classfolder>
		<classprefix></classprefix>
		<filesmodified></filesmodified>
		<filesmodifiedtest></filesmodifiedtest>
		<filter>NADAPT&gt;0</filter>
		<prgfolder>.\</prgfolder>
		<refreshuser></refreshuser>
		<refreshusertest></refreshusertest>
		<shareuser>PATRICK</shareuser>
		<testfolder>Test</testfolder>
		<comment>1</comment>
		<excluded>0</excluded>
		<ignored>0</ignored>
		<propsave>1</propsave>
		<subclassnot>0</subclassnot>
		<test>1</test>
		<trdparty>0</trdparty>
		<virtuals>0</virtuals>
		<virtualstest>1</virtualstest>
		<wctempfolder>1</wctempfolder>
		<opgignore>1</opgignore>
		<opgreview>1</opgreview>
		<adapt>2016-09-01T19:33</adapt>
		<adapttest>2016-09-03T16:27</adapttest>
		<analyse>2016-09-01T19:28</analyse>
		<analysetest>2016-09-03T16:24</analysetest>
		<appfiles></appfiles>
		<appfilestest>2016-09-03T16:32</appfilestest>
		<refresh></refresh>
		<refreshtest></refreshtest>
		<share>2016-09-03T16:24</share>
	</config>
</ngp.pjx-awadapter>
